Position,Company,Location,URL
full details of Simulation Software Engineer,Hellebore Consulting Group  LLC.,Hybrid remote in Fairborn  OH 45324,https://www.indeed.com/pagead/clk?mo=r&ad=-6NYlbfkN0DDxwyYdI3lstoBHOhv16r451jZBAx5o4zgMXKx5ub9N6LFm5hyAEn7C0cxckTpesL4mH86JdfP4XtsBjM1nD5_suOsND8h6bYFjull4iCR2pLVybUMlYeUU81luffVQKGPkU-AEXgMwStL4v5h_-O7YoTiDP2VBmDH9ifCuVKO8tZvXfD5NL9ct58Pp2rRIXAE3xtcozWpiqRiEAit76jm07P5wsl927vyayqyEGvvf9U5GYZJ6Am7eGMWnK6qTmg7E1HZJ7oiJJMtH1Z4kyI7lwFGzCS9WOwruhOrXr7E7LoV_e0ggEwT7c0Dmsa7vR4v7YFxlYyo0eOllVO92JfEjmpPAhkkUMAtkl-aX5dvR1Of0Hsub_Sia2jmYTh5DAVmzWzOsOObOT53P1ViTK4JXl8S_ls2p_6-csMaGp9I3TPm4J5dJF9SL1j1lboUugOdNys0PJPJ_fHqV4CqfpJgaZ20vqFhMhho4V6sOhh-Bjz1Ug4vVEhyvMqPU3jHesc=&xkcb=SoC0-_M3WCZraF2ZsB0LbzkdCdPP&p=0&fvj=1&vjs=3
full details of Site Reliability Engineer,Online Technical Services,Remote,https://www.indeed.com/pagead/clk?mo=r&ad=-6NYlbfkN0CO3lo8tTSczNz5vS4BPhUQq5cXCmywFqjKhWVhQ5Cs0rpojEv2EMPlRio45zKQYrrwyy3VRM37qf7_qUZqc1GXPQ2JsTlHA36oGQirgpUCBNoTQ8hAcdx6KOxMkBJszALK-010wQVkf0mc-XWEj1neJiSLd2hRmlFbxwxGd9ataiumCFotuOkHo_8FdzlLLSY3Axi6Zj3Mqafum8mydqHMHiwcv1Q2mzbzgBUmiNC4vE5EcbAq-CjtmvIpqv0WN-01zzJNN9o2ld_aKeD4Qw9bsPgx_rpO0JYzKRdrg5zE1rtOB5ymKyRWTuvUtxga-rV-WYusZawfGaJgR0Uy-TqcxlJT5c_YeS8ofWIPsiugtZUyaPhTH7AHSDh42PWOoi7O1ejK4aal2RBWgtypZSMpZPPW2gX1IZzVFK67P6NXNsWIywBq-zzQ6DgkZKGo12tKiG0eAZyD2g0_9bF8bwpjykkCgjWlcFQgqO5tSkRYKQ==&xkcb=SoAA-_M3WCZraF2ZsB0KbzkdCdPP&p=1&fvj=1&vjs=3
full details of Senior Software Engineer  Remote Sensing (Rust),Indigo,Remote,https://www.indeed.com/rc/clk?jk=5737ed3ca9d91a91&fccid=4a6c4ce2d444d091&vjs=3
full details of Sr. Rust Developer,SpiderOak,Remote,https://www.indeed.com/rc/clk?jk=2e45e88b1d8cd0a0&fccid=a5eb5c7d769b00a4&vjs=3
full details of Rust Cryptography Engineer for Lurk,Protocol Labs,Remote,https://www.indeed.com/rc/clk?jk=7bc846b8c44786fa&fccid=27aa2e0031877d77&vjs=3
full details of Gameplay Engineer (Retro Studios),Nintendo of America Inc.,Austin  TX,https://www.indeed.com/rc/clk?jk=f761246d3415570c&fccid=652ac4747cb152d3&vjs=3
full details of Software Engineer I,Disney Media & Entertainment Distribution,New York  NY,https://www.indeed.com/rc/clk?jk=8c626369ad240685&fccid=c3092a91bcb42ca9&vjs=3
full details of Rust or C++ Developer / Software Engineer Simulation Software (All levels),Tesla,Palo Alto  CA 94304,https://www.indeed.com/company/Ter/jobs/Rust-or-C++-Developer-262c5244571e94f1?fccid=f0e937f72d400d1f&vjs=3
full details of RUST - Code Developer for Blockchain Smart Contracts,Web Flux Marketing,Remote,https://www.indeed.com/company/Web-Flux-Marketing/jobs/Rust-8f66da61f460090b?fccid=88946361c631ed12&vjs=3
full details of Backend Security Engineer - Rust - Core Backend,Kraken Digital Asset Exchange,Remote,https://www.indeed.com/company/Kraken-Digital-Asset-Exchange/jobs/Backend-Security-Engineer-b16b8383abbb2d1d?fccid=fc7b3a033fd34a37&vjs=3
full details of Junior Web Developer,HealPay,Ann Arbor  MI,https://www.indeed.com/rc/clk?jk=84e78087102e5db1&fccid=38a9e177e5d93e82&vjs=3
full details of Software Engineer,Offchain Labs,Remote,https://www.indeed.com/rc/clk?jk=ef3fb0a6dfc91bc6&fccid=1bd7f4b31b49efca&vjs=3
full details of Software Engineer - Voice & Video Infrastructure,Discord,Hybrid remote in San Francisco  CA 94107,https://www.indeed.com/rc/clk?jk=88c42fc3bd357d8d&fccid=f2ab4689def17626&vjs=3
full details of Software Engineer - Rust,Cloudflare,Remote in San Francisco  CA,https://www.indeed.com/rc/clk?jk=e9ff303b55894d08&fccid=c57da989524f65e7&vjs=3
full details of Rust Software Engineer,Second Spectrum,Remote,https://www.indeed.com/rc/clk?jk=d7082ad18c5a3446&fccid=dc3f98b765e8de21&vjs=3
full details of Rust Blockchain Developer,Metaverse Game Studios,Remote,https://www.indeed.com/rc/clk?jk=07cae6f1d44677e1&fccid=ccf4d19ff9850703&vjs=3
full details of Trading Systems Engineer (Rust/DeFi/Crypto),Tech Gigs,Remote,https://www.indeed.com/company/Tech-Gigs/jobs/Trading-System-Engineer-066cbf527affaf9d?fccid=d91216693a3c27d3&vjs=3
full details of Rust Engineer,DEX Labs,Remote,https://www.indeed.com/rc/clk?jk=886c5c6468993e14&fccid=9e055232ed0969b2&vjs=3
full details of SDET  C++ (Remote),CrowdStrike,Remote,https://www.indeed.com/rc/clk?jk=982c4b1eef5d8cd7&fccid=64e4cdd7435d8c42&vjs=3
full details of Rust Engineer,Avenue Code,Remote in United States,https://www.indeed.com/rc/clk?jk=a440a141e36491b1&fccid=c267202434f82771&vjs=3
full details of New Graduate Software Engineer,Shoreline Software  Inc.,Remote,https://www.indeed.com/rc/clk?jk=dae545b2de78ccd7&fccid=d9330ddfbacbdb4f&vjs=3
full details of Sr. Rust Engineer,Loop,Remote,https://www.indeed.com/company/%EF%BC%AC%EF%BC%AF%EF%BC%AF%EF%BC%B0/jobs/Senior-Rust-Engineer-de691f8eb08cbff2?fccid=8d3b9b501e88a734&vjs=3
full details of Senior Rust Developer,NXLog,Remote,https://www.indeed.com/rc/clk?jk=cc4b0e327e3731fd&fccid=930e2807150244a3&vjs=3
full details of Trading Systems Engineer (Rust),paraform,Remote in California,https://www.indeed.com/rc/clk?jk=baaa6fdea1a83a22&fccid=4e49688456be2eb0&vjs=3
full details of Full-stack Engineer,Ntropy Network,Remote in New York  NY,https://www.indeed.com/rc/clk?jk=d787196cd94012de&fccid=dd616958bd9ddc12&vjs=3
full details of Rust Software Engineer,Toposware,Remote in Cambridge  MA 02139,https://www.indeed.com/rc/clk?jk=b968561dbf48f09a&fccid=4138a073b7693947&vjs=3
full details of Rust Developer,NXLog,Remote,https://www.indeed.com/rc/clk?jk=5fa4b91ffb512c8d&fccid=930e2807150244a3&vjs=3
full details of Backend Engineer,Ntropy Network,Remote in New York  NY,https://www.indeed.com/rc/clk?jk=b15834834bcc2a78&fccid=dd616958bd9ddc12&vjs=3
full details of Software Engineering Manager,CyberCoders,Unknown,https://www.indeed.com/pagead/clk?mo=r&ad=-6NYlbfkN0CpFJQzrgRR8WqXWK1qKKEqALWJw739KlKqr2H-MSI4eoBlI4EFrmor2FYZMP3muM1qjBlIrGCa26DHkCfWtgukwx4RXTiNhV25nKnnQGbEXw1xkWhf8yOSgsnVs4ll2zieJYfZp8gExSRZRgxagtxuXGUHY4oRuxf5cW_RxzPCnrYGNLyr3ZqkCCdYudcn1rKCfiESSD6NvUMPRyZRDCxc51tOG9GjvkSWArtfr7wxUBbXWiStaSm2rGLOWWc5vpDgZR6WTjNyuTWrUJtFd77PN2MSV9PLR3betYfqKXoFUQwM48_QmbxEdHFAf0nyml2x5olL_Yaf3Ql9tEZmirhHBUTeQlpyPcoi1nj_mLqjklmwBZvtUt9HtuhKXwwLv3l3110yVi-x_NnofWD3BnF-2HHo6f_3C8DUokBEgXkmOCHI8aHG7iTXVSI8rNrEBme6TvZbrcuDM54WG8aa89LQ5m4RUNS--GAC7HD57AbTBwRKudUoCReHDrVRRogAgvc9mfiHJbVeOZuXKAi1xUSedJ15O3AqkfBB8-3foEoUhU8Qyr87yb7Vp9oYH7FSVkPDoYcre1DXayUKKT7OgVFUXE2lLXItWBZxo33-UjwxWDRYEmHR6EfjoV6rnLDKbC6QFw_0qWAGm5euwU6CJCbAwfXGBIPupgkxC2CZiJjJ32TUMfr9s0OhRWbKv8ljp8VRSBZdKpmVSzXeQalLwZGMLAoU21d4fIq4_NbDCa-2Usfpi9gndUwEPJ6nMFe5hWebKlalLg5nJcdEYeVx3MV-Idut4WOaPDnPDjQ3UL4XGVM-3Ht3JPEN9u1EpUO3yiKEQVrlzAqxLLiGz8vBxO2lDGskzRfPh-HjfOA5PeuTGgt9dv0BhZQ_WTtrxqAIeN4PIzkCtWlAVGnz_E1lL7GLpU7AKtJdC8kv10w_ugeuoiJHym_THS7gmIe253PXN4LTlzdv5IAgcumGR1N-DUR0sEhLt2hb8ZZO9qmG8Ktyz-lHeOt9BEykOyjZkZusHpV5tp9GPS2if921ZfCH2mrAB_rUczSDfFE=&xkcb=SoAL-_M3WCZn_YQ2150IbzkdCdPP&p=13&fvj=0&vjs=3
full details of Rust Systems Engineer,Second Spectrum,Remote,https://www.indeed.com/rc/clk?jk=17578a1d9a265569&fccid=fddb347b21c4a9cf&vjs=3
full details of Rust or C++ Developer/Software Engineer- Simulation Software (All levels),Tesla,Palo Alto  CA,https://www.indeed.com/rc/clk?jk=ab076b0736314321&fccid=86e9be6ce380173e&vjs=3
full details of Rust Engineer,Ditto,Remote,https://www.indeed.com/rc/clk?jk=1d7273b529bcc8e4&fccid=907aa29b5355272d&vjs=3
full details of Software Engineer (TypeScript/Rust/Node.js),StackBlitz  Inc.,Remote,https://www.indeed.com/rc/clk?jk=7a969fbc527d5918&fccid=dd616958bd9ddc12&vjs=3
full details of Senior Software Engineer (Rust),PTW,Remote,https://www.indeed.com/company/PTW/jobs/Senior-Software-Engineer-ce9cb6cb36b01275?fccid=f0293e695c1c95be&vjs=3
full details of Remote Junior Android Engineer,Eleos Technologies,Remote,https://www.indeed.com/rc/clk?jk=b03f15296375a5a2&fccid=55b3b3f0ce928023&vjs=3
full details of Senior RUST Developer (f/m/d),Commend International GmbH,Maryland,https://www.indeed.com/rc/clk?jk=249742e6ecf0a8ea&fccid=9b62dccea80dd9f0&vjs=3
full details of Backend Engineer  Server Architecture - Performance,TikTok,Seattle  WA,https://www.indeed.com/rc/clk?jk=402c8cb1f3da8630&fccid=caed318a9335aac0&vjs=3
full details of Software Engineer  University Graduate (Lark)- 2023 Start (PHD),ByteDance,Mountain View  CA,https://www.indeed.com/rc/clk?jk=2ab15bb25e8091c3&fccid=74fbc768a4e5bece&vjs=3
full details of Senior Staff Infrastructure Systems Engineer - Rust,Meteor Development Group,Remote,https://www.indeed.com/rc/clk?jk=56f146cd41ee84f0&fccid=b545357a90edaf4e&vjs=3
full details of Zero Trust Security Researcher,AF Research Labs,Rome  NY,https://www.indeed.com/rc/clk?jk=c475df59c85bbbee&fccid=4c981665a81785c8&vjs=3
full details of Systems Engineer (Rust),HASH,Remote,https://www.indeed.com/rc/clk?jk=5e5a2a7f56b1343f&fccid=3d6e813eb54cf6f4&vjs=3
full details of iOS Software Engineer  Lark,ByteDance,Mountain View  CA,https://www.indeed.com/rc/clk?jk=a9da763ca4b6ebb7&fccid=74fbc768a4e5bece&vjs=3
full details of Jr. Backend Software Engineer,NOKIA,Ann Arbor  MI,https://www.indeed.com/rc/clk?jk=9930b6b78dfd8eac&fccid=3444e7c94299ba32&vjs=3
full details of Software Engineering Manager,CyberCoders,Unknown,https://www.indeed.com/pagead/clk?mo=r&ad=-6NYlbfkN0CpFJQzrgRR8WqXWK1qKKEqALWJw739KlKqr2H-MSI4eoBlI4EFrmor2FYZMP3muM1qjBlIrGCa26DHkCfWtgukwx4RXTiNhV25nKnnQGbEXw1xkWhf8yOSgsnVs4ll2zieJYfZp8gExSRZRgxagtxuXGUHY4oRuxf5cW_RxzPCni6xthuSWXNz25Gky-J_vIfuMlxIlaA1RUn13yl5P9KHDRU52I7aKgPyiNNWGmR_yp43jL9BZk5TZ7qDci_yTQ5DktRmPEHdEAjLgak4EZiOqoTIcVDn3SkCHtHp-Fv-pYYJI7gjls1cNNV6ts1aNQB8_P_ZdsZTrsuTqOF8m5hAL1TFK6AOozju7yMkBdtnX0ifPKRH6olC9WcKiAYecsRREuCYotzXaG1AMWaFE5HS-jwnh8KUl0_ZDwJ6CaJV169xXU1PBr48xjXC5y3VyCzoNp8f9oQYcWOPRvJFEM47kEfi_L7cMiDfW4BlCunW0B-o9CqDCBFie6WAWepdnBK6sN0rqJShQydVSFF_O7KZWdEewY6nmMNzm7PgnZEgjFOtBLIlkLSvUkMs7cRs_t-K6Cz9S4gyyFn3aSA3xeXAItOyJB2AmGdWV5M1sglilUuDvmXgPraLkki2X7Dxth86iNMimswN4u12EQNtwCTdk1U2fP2Xn0EVgO12H4ADHAjc41Pxc2zJWZLvwykKuw3g5FZi_7Yjp49pnIVOAMuXDlhXjIMh_ZxAL7l9WaV87lV73M1Y-Y2cw8yjHw7fpuavlqBHtYO3olYUs8HEl2gnNqO0VmidYcAjEUuGjSrdI3iGMXSjesNTUROf6bmrF2KWbnQ_S6mPqjo4lidVS7p8hmgai2PbmH_2NaVpiJfriQpftREEEzFhYFbZtd66u453NZ-_LOchKZb_K2H86EweHSrj-0-kd3B3PGw_H-lmQ6CSDZ1NbemNEyOcsVBhCeUGXiEtfaqXmE7kF_YJ5GWIzYjc9cymWxR9vQlUhn627j6H7uzJ5jjAH5lSzHXoVVA8huNJZFmuyQIXZOZsNP0XogxO0vHlznE=&xkcb=SoDy-_M3WCZmpYRiKZ0JbzkdCdPP&p=13&fvj=0&vjs=3
full details of Software Engineer,Veridise Inc.,Remote,https://www.indeed.com/company/Veridise-Inc./jobs/Software-Engineer-6c06f6e560390993?fccid=fe0ebea1d93bb23d&vjs=3
full details of Software Engineer,Voice Media Group,Unknown,https://www.indeed.com/company/Westword-&-Voice-Events-+-Entertainment/jobs/Software-Engineer-774f2503202ebf2d?fccid=edcfb53d0965c88e&vjs=3
full details of Embedded Software Engineer - Rust,Enfabrica,Remote in San Francisco Bay Area  CA,https://www.indeed.com/rc/clk?jk=4d045cf9272b85b9&fccid=dfe71a4cc4e00eea&vjs=3
full details of Developer - Remote (US),Shift,Remote,https://www.indeed.com/rc/clk?jk=24f450feac31390f&fccid=b256f5cc48930b50&vjs=3
full details of Rust Software Engineer,Seaplane IO,Mountain View  CA,https://www.indeed.com/rc/clk?jk=6c1ccc44941db2de&fccid=f2e752d4e46bd7d5&vjs=3
full details of Software Engineer,Red Hat Software,Remote in Raleigh  NC 27601,https://www.indeed.com/rc/clk?jk=8e915ee0bb1154a8&fccid=e24a60f01d1882d1&vjs=3
full details of Senior Software Engineer - Open Source (Go  Kubernetes  Rust),Solo.io  Inc.,Remote in Dallas  TX,https://www.indeed.com/rc/clk?jk=2e40854fbd0eceac&fccid=081d5c6e10f32c59&vjs=3
full details of Software Engineer  Backend,QuickNode,Remote in Miami  FL,https://www.indeed.com/rc/clk?jk=524b95905740acf5&fccid=dd616958bd9ddc12&vjs=3
full details of Senior Software Engineer,Offchain Labs,Remote,https://www.indeed.com/rc/clk?jk=ebf70b927cba2ae0&fccid=1bd7f4b31b49efca&vjs=3
full details of Software Engineer (Early Career),Apple,Austin  TX,https://www.indeed.com/rc/clk?jk=45c284b664ea7c8e&fccid=c1099851e9794854&vjs=3
full details of Senior Software Engineer (Rust),Mina Foundation,Remote,https://www.indeed.com/rc/clk?jk=403923f0cc666e30&fccid=f5c0bbdb88c1bf04&vjs=3
full details of Software Engineer,ANDURIL INDUSTRIES,Costa Mesa  CA,https://www.indeed.com/rc/clk?jk=6a8c586ac5ab0288&fccid=3f7b0eacc8de6549&vjs=3
full details of Senior Rust Engineer,Redjack,Silver Spring  MD,https://www.indeed.com/rc/clk?jk=10d379ea7b266fa3&fccid=814d3a6cb63458d3&vjs=3
full details of Chemist II - Rust Preventive & Cleaners,Quaker Houghton,Norristown  PA 19403,https://www.indeed.com/rc/clk?jk=ab84246bb8d25054&fccid=d00d7f294c0ec5b8&vjs=3
full details of Software Engineering Manager,CyberCoders,Unknown,https://www.indeed.com/pagead/clk?mo=r&ad=-6NYlbfkN0CpFJQzrgRR8WqXWK1qKKEqALWJw739KlKqr2H-MSI4eoBlI4EFrmor2FYZMP3muM1qjBlIrGCa26DHkCfWtgukwx4RXTiNhV25nKnnQGbEXw1xkWhf8yOSgsnVs4ll2zieJYfZp8gExSRZRgxagtxuXGUHY4oRuxf5cW_RxzPCnowXCnWAPI8bReIXL5H0QVKdXJJ95zVdvZPogRyNYlklksKIdgwQuNNGmHiLVB_P5yEOuXJU3hLMYdUqylG0BzckZ6_3anHxztyhR1Ww6EVb7gFooJJXK153XZJVDNcUtpfkRPnVCarDdztP2c7t1FrFUwcC8uf2IpYCB-1D95EnOgew4MIyKcaN9CpxAkAtwDh2qcAMKD_u6OymqY9ZdFasTFv2x45wf26k6o0dYZESkRdPkM4UX4N2cjgMqjH9Q-tL2vuKQrFgnLhaflvp8ZIeudxTpCPVmAQHxsETlpRxSdmYpaBL9Uf8BMXSj4BNzPGpfoZvPxWF6nN-GXLNAcaI21ahdGtQNRnMaM08n4QP76ykn0NGBr8m2ZBMo82NmDaho-ubCD0yWQZJpyP4ez7l9l9PNw8YLw8zRYj63ck62eI6yGmGU5ETEb1IEkdkKUeE2yJztkLKm5G1xjV5k4p_ji9zw4HEphLUWsBXbG_1gLrrVXibLsdkoXdVD5wMbt9NYzY8zNmqhjEDhDUITqjlVE-fVWj-Ij1jzZVotOGjZcdB5IeeIzIf_hsA9LUE_VCpWEkJFhnj1giMFKKjkdbgVFTMBGw3b4kpKeiFTkihbDLrj7iCr7luGy5hzbaB8Ayag7gSIG3atiCoU7UQ9zuXP3-p2eyzcYJuz4G-kSlX5vlDKH9ghNESr__rWWjjJ_PIrf2IEB8Flis01vHo62SjLzGMp0POoREIXu71mvYV_atyxZ-JIDDTgQqTTNIIiZnyenXJtc35mAbGLRlY7a4I7O8zO5B1RD6F_566X204XxE1kUIclJDxBCGsSWmJhvzV7H72MpONT4km2ZdnYF_zXoNUkYu_tDs2XKLfeRELKH_attdufQ8=&xkcb=SoDn-_M3WCZlrqyKAJ0PbzkdCdPP&p=13&fvj=0&vjs=3
full details of Software Engineer â€“ Rust,bitwise.io,Minneapolis  MN,https://www.indeed.com/rc/clk?jk=b5f6f5c7888db591&fccid=3fad53c642243da7&vjs=3
full details of Backend Software Engineer  Rust,MindX,Remote,https://www.indeed.com/rc/clk?jk=433d30ff297d1cd4&fccid=cf332e5dd36125b9&vjs=3
full details of Software Engineer - Loss Forecast Models,JPMorgan Chase Bank  N.A.,Wilmington  DE,https://www.indeed.com/rc/clk?jk=c1b6e0a517e44827&fccid=aaf3b433897ea465&vjs=3
full details of Software Engineer II,Disney Media & Entertainment Distribution,Remote in New York  NY,https://www.indeed.com/rc/clk?jk=bb80f41d32abba02&fccid=c3092a91bcb42ca9&vjs=3
full details of INTERSNHIP - Software Engineering,Airbus Defense and Space,Unknown,https://www.indeed.com/rc/clk?jk=059096c5b775ddbe&fccid=2d0740e02e80cf22&vjs=3
full details of Senior Blockchain Engineer (Cosmos),NCube,Remote,https://www.indeed.com/rc/clk?jk=0088eeec9f43f539&fccid=468ec7cc9189b378&vjs=3
full details of Senior Software Engineer - Rust,Quadratic,Hybrid remote in Boulder  CO 80302,https://www.indeed.com/company/Quadratic/jobs/Senior-Software-Engineer-6ab3dd44a79e288f?fccid=817c2680a8e8e94d&vjs=3
full details of Rust Engineer,Open Energy Solutions Inc.,Santa Clara  CA,https://www.indeed.com/rc/clk?jk=d3a8c121a32d7548&fccid=6ac3f0a3061eefda&vjs=3
full details of Software Developer,KBR,Unknown,https://www.indeed.com/rc/clk?jk=e8feb35b560929c7&fccid=cbfa56f19cc95796&vjs=3
full details of Software Engineer,Bitwarden,Remote in Santa Barbara  CA,https://www.indeed.com/rc/clk?jk=7379db567c968ca7&fccid=ec6a5e72eac5c49c&vjs=3
full details of Senior Security Software Engineer  Detection and Response,Discord,Hybrid remote in San Francisco  CA 94107,https://www.indeed.com/rc/clk?jk=ed47d7a50eeefcb0&fccid=f2ab4689def17626&vjs=3
full details of Software Engineer (Starship),SpaceX,Unknown,https://www.indeed.com/rc/clk?jk=0315473744a1bfa9&fccid=8bc01be85b97ce0d&vjs=3
full details of Software Engineer (f/m/d) - Rust  Kubernetes  Open Source,Stackable,Remote,https://www.indeed.com/rc/clk?jk=b1d598856cf1a485&fccid=5bd3e9e0cf761c0c&vjs=3
full details of Senior Rust Developer  Blockchain,OAK Network,Remote,https://www.indeed.com/rc/clk?jk=3620af90a9b23c89&fccid=0a8f0802399d8181&vjs=3
full details of Software Engineering Manager,CyberCoders,Unknown,https://www.indeed.com/pagead/clk?mo=r&ad=-6NYlbfkN0CpFJQzrgRR8WqXWK1qKKEqALWJw739KlKqr2H-MSI4eoBlI4EFrmor2FYZMP3muM1qjBlIrGCa26DHkCfWtgukwx4RXTiNhV25nKnnQGbEXw1xkWhf8yOSgsnVs4ll2zieJYfZp8gExSRZRgxagtxuXGUHY4oRuxf5cW_RxzPCnlUoEg7S-QM1GXZjvEKSYtoUtc2ZUoofp_WgBoqQiCjmPQRrb6ANFM3wu8z8zYLW8zaVmjYpOrQb9rSUQpyKEmcGDoG44VWGDLzqxBy3iQezPyZLKf5JsgUD32zXEQa73P2Og5H7MS4JpfXVLjwUq-i7yATzS3EEyMm2OM5V7fh4SQRk7N_XA-b89YmmONoDvNqbq3qw0vYRAipo9G971GW7BqB4IIxyH1rs5tYyPiVZvrC32wv5X50vRnx_JyGKOeIALJqvsaMrpsORudMgaNk_UfH4DK9JK0L08-c3r_6qEYW757hHcIAbSJ49H0OI_da4Ih-0RPWrpTD5hnS8MK5iAbJSIs8KegYSg3oo7mwvEouHENKqNtLPZJhejz15XR8rGpC3kOD7lPvOVEoDcJy5xwb9Tp-sTr6fi2RTOwHE4rDy4XMHgy8vrG1WmGAl-QPzXd_jy5Pgh9Yt42vTvLNrGrWihp9bZDepmqG677swVLR7-NTwF4OOmhjBIIl8-S_rwD1ypPI16hGWZSvu7d58JPFNHsS5aUUUbd275ns7bQ5XFsiHtIdDQm5ytRW4PY0O3OLrRf0M8QeOOZyKdyUUQKRG6rrZABmDJkWKjjTEqrhVNKODeOsEpZ5-Y6h3MS76-Twd7o8zlyvZOGF0sde82Apszfs0z05vLWm-ic8m-JJSDLRnSLfXx2XntdfmYJvo9p2jTDij-4FhM3PV5ftPjk4KHibHqCG02QwjtaGCV8rBKc36jOkgFCDndrCbuQdNsRZXQZQ-rJFDc1CdBNVx7XdWx_ygq9SGCpaffNG0O9J2OIn7cTjqFePdSVQRPT9qAlaK0iyWFt8lYNCdhobh1ItpjbXaUV8aCE-c331k3PDP6HGvrsE=&xkcb=SoAz-_M3WCZkU5zABh0IbzkdCdPP&p=13&fvj=0&vjs=3
full details of Remote Junior iOS Engineer,Eleos Technologies,Remote,https://www.indeed.com/rc/clk?jk=9a30992782e357ea&fccid=55b3b3f0ce928023&vjs=3
Full-Time,Dagabase,Anywhere in the World,https://weworkremotely.com//listings/dagabase-senior-distributed-system-developer-rust-wasm-required
